{"fmeasure":{"('ami', 'rouge1', 'low')":0.6746229079,"('ami', 'rouge1', 'mid')":0.7684755597,"('ami', 'rouge1', 'high')":0.8152719149,"('ami', 'rouge2', 'low')":0.3604873853,"('ami', 'rouge2', 'mid')":0.4387152008,"('ami', 'rouge2', 'high')":0.4980203318,"('ami', 'rougeL', 'low')":0.2498362889,"('ami', 'rougeL', 'mid')":0.3148013449,"('ami', 'rougeL', 'high')":0.3686807772,"('ami', 'rougeLsum', 'low')":0.669598178,"('ami', 'rougeLsum', 'mid')":0.762566211,"('ami', 'rougeLsum', 'high')":0.8122687931,"('ted', 'rouge1', 'low')":0.2277702015,"('ted', 'rouge1', 'mid')":0.3119720149,"('ted', 'rouge1', 'high')":0.3206959107,"('ted', 'rouge2', 'low')":0.0342843818,"('ted', 'rouge2', 'mid')":0.0508829309,"('ted', 'rouge2', 'high')":0.0562563285,"('ted', 'rougeL', 'low')":0.1310769583,"('ted', 'rougeL', 'mid')":0.1796910168,"('ted', 'rougeL', 'high')":0.1855069518,"('ted', 'rougeLsum', 'low')":0.1956487066,"('ted', 'rougeLsum', 'mid')":0.2682139543,"('ted', 'rougeLsum', 'high')":0.2758658896,"('cc_news', 'rouge1', 'low')":0.2731658996,"('cc_news', 'rouge1', 'mid')":0.4249772021,"('cc_news', 'rouge1', 'high')":0.427005634,"('cc_news', 'rouge2', 'low')":0.1502347359,"('cc_news', 'rouge2', 'mid')":0.2262965719,"('cc_news', 'rouge2', 'high')":0.2285518485,"('cc_news', 'rougeL', 'low')":0.2173041102,"('cc_news', 'rougeL', 'mid')":0.3394638028,"('cc_news', 'rougeL', 'high')":0.3414595446,"('cc_news', 'rougeLsum', 'low')":0.2476045523,"('cc_news', 'rougeLsum', 'mid')":0.3840587253,"('cc_news', 'rougeLsum', 'high')":0.3861367637,"('spotify', 'rouge1', 'low')":0.1868838848,"('spotify', 'rouge1', 'mid')":0.2517385856,"('spotify', 'rouge1', 'high')":0.2544326452,"('spotify', 'rouge2', 'low')":0.0269406638,"('spotify', 'rouge2', 'mid')":0.0377109723,"('spotify', 'rouge2', 'high')":0.0392262069,"('spotify', 'rougeL', 'low')":0.1077990461,"('spotify', 'rougeL', 'mid')":0.147600893,"('spotify', 'rougeL', 'high')":0.1494972285,"('spotify', 'rougeLsum', 'low')":0.1567025833,"('spotify', 'rougeLsum', 'mid')":0.2102186598,"('spotify', 'rougeLsum', 'high')":0.2127274404,"('cnn_dailymail', 'rouge1', 'low')":0.3232083737,"('cnn_dailymail', 'rouge1', 'mid')":0.48547556,"('cnn_dailymail', 'rouge1', 'high')":0.4882882701,"('cnn_dailymail', 'rouge2', 'low')":0.1165669431,"('cnn_dailymail', 'rouge2', 'mid')":0.1765903524,"('cnn_dailymail', 'rouge2', 'high')":0.1789460672,"('cnn_dailymail', 'rougeL', 'low')":0.1944051312,"('cnn_dailymail', 'rougeL', 'mid')":0.2926892096,"('cnn_dailymail', 'rougeL', 'high')":0.294502258,"('cnn_dailymail', 'rougeLsum', 'low')":0.2913528138,"('cnn_dailymail', 'rougeLsum', 'mid')":0.4379155649,"('cnn_dailymail', 'rougeLsum', 'high')":0.4404831061,"('xsum', 'rouge1', 'low')":0.1718694263,"('xsum', 'rouge1', 'mid')":0.2021605207,"('xsum', 'rouge1', 'high')":0.2041860897,"('xsum', 'rouge2', 'low')":0.0221444891,"('xsum', 'rouge2', 'mid')":0.0270665733,"('xsum', 'rouge2', 'high')":0.0280050731,"('xsum', 'rougeL', 'low')":0.1227882643,"('xsum', 'rougeL', 'mid')":0.1439113139,"('xsum', 'rougeL', 'high')":0.1453271294,"('xsum', 'rougeLsum', 'low')":0.1226036973,"('xsum', 'rougeLsum', 'mid')":0.143893645,"('xsum', 'rougeLsum', 'high')":0.1453979812,"('icsi', 'rouge1', 'low')":0.3883048604,"('icsi', 'rouge1', 'mid')":0.5895227987,"('icsi', 'rouge1', 'high')":0.6961967315,"('icsi', 'rouge2', 'low')":0.0780371482,"('icsi', 'rouge2', 'mid')":0.1726124248,"('icsi', 'rouge2', 'high')":0.2649116876,"('icsi', 'rougeL', 'low')":0.1297412131,"('icsi', 'rougeL', 'mid')":0.1794058596,"('icsi', 'rougeL', 'high')":0.2115455461,"('icsi', 'rougeLsum', 'low')":0.3658222791,"('icsi', 'rougeLsum', 'mid')":0.5691876723,"('icsi', 'rougeLsum', 'high')":0.6854053339,"('mediasumm', 'rouge1', 'low')":0.1254045697,"('mediasumm', 'rouge1', 'mid')":0.2274605353,"('mediasumm', 'rouge1', 'high')":0.2311438259,"('mediasumm', 'rouge2', 'low')":0.0300988696,"('mediasumm', 'rouge2', 'mid')":0.0560063081,"('mediasumm', 'rouge2', 'high')":0.0583943127,"('mediasumm', 'rougeL', 'low')":0.0999888089,"('mediasumm', 'rougeL', 'mid')":0.1852330177,"('mediasumm', 'rougeL', 'high')":0.1884508733,"('mediasumm', 'rougeLsum', 'low')":0.1055305468,"('mediasumm', 'rougeLsum', 'mid')":0.1927922743,"('mediasumm', 'rougeLsum', 'high')":0.1960754894},"recall":{"('ami', 'rouge1', 'low')":0.7263779784,"('ami', 'rouge1', 'mid')":0.7684755597,"('ami', 'rouge1', 'high')":0.8152719149,"('ami', 'rouge2', 'low')":0.389245368,"('ami', 'rouge2', 'mid')":0.4387152008,"('ami', 'rouge2', 'high')":0.4980203318,"('ami', 'rougeL', 'low')":0.2687510927,"('ami', 'rougeL', 'mid')":0.3148013449,"('ami', 'rougeL', 'high')":0.3686807772,"('ami', 'rougeLsum', 'low')":0.7185157599,"('ami', 'rougeLsum', 'mid')":0.762566211,"('ami', 'rougeLsum', 'high')":0.8122687931,"('ted', 'rouge1', 'low')":0.3029831015,"('ted', 'rouge1', 'mid')":0.3119720149,"('ted', 'rouge1', 'high')":0.3206959107,"('ted', 'rouge2', 'low')":0.0460267037,"('ted', 'rouge2', 'mid')":0.0508829309,"('ted', 'rouge2', 'high')":0.0562563285,"('ted', 'rougeL', 'low')":0.1746092757,"('ted', 'rougeL', 'mid')":0.1796910168,"('ted', 'rougeL', 'high')":0.1855069518,"('ted', 'rougeLsum', 'low')":0.2603925735,"('ted', 'rougeLsum', 'mid')":0.2682139543,"('ted', 'rougeLsum', 'high')":0.2758658896,"('cc_news', 'rouge1', 'low')":0.4230527964,"('cc_news', 'rouge1', 'mid')":0.4249772021,"('cc_news', 'rouge1', 'high')":0.427005634,"('cc_news', 'rouge2', 'low')":0.2240650369,"('cc_news', 'rouge2', 'mid')":0.2262965719,"('cc_news', 'rouge2', 'high')":0.2285518485,"('cc_news', 'rougeL', 'low')":0.3374184564,"('cc_news', 'rougeL', 'mid')":0.3394638028,"('cc_news', 'rougeL', 'high')":0.3414595446,"('cc_news', 'rougeLsum', 'low')":0.3819152235,"('cc_news', 'rougeLsum', 'mid')":0.3840587253,"('cc_news', 'rougeLsum', 'high')":0.3861367637,"('spotify', 'rouge1', 'low')":0.2486088334,"('spotify', 'rouge1', 'mid')":0.2517385856,"('spotify', 'rouge1', 'high')":0.2544326452,"('spotify', 'rouge2', 'low')":0.0361246342,"('spotify', 'rouge2', 'mid')":0.0377109723,"('spotify', 'rouge2', 'high')":0.0392262069,"('spotify', 'rougeL', 'low')":0.1459419584,"('spotify', 'rougeL', 'mid')":0.147600893,"('spotify', 'rougeL', 'high')":0.1494972285,"('spotify', 'rougeLsum', 'low')":0.2078518777,"('spotify', 'rougeLsum', 'mid')":0.2102186598,"('spotify', 'rougeLsum', 'high')":0.2127274404,"('cnn_dailymail', 'rouge1', 'low')":0.482786054,"('cnn_dailymail', 'rouge1', 'mid')":0.48547556,"('cnn_dailymail', 'rouge1', 'high')":0.4882882701,"('cnn_dailymail', 'rouge2', 'low')":0.1742424575,"('cnn_dailymail', 'rouge2', 'mid')":0.1765903524,"('cnn_dailymail', 'rouge2', 'high')":0.1789460672,"('cnn_dailymail', 'rougeL', 'low')":0.2906733505,"('cnn_dailymail', 'rougeL', 'mid')":0.2926892096,"('cnn_dailymail', 'rougeL', 'high')":0.294502258,"('cnn_dailymail', 'rougeLsum', 'low')":0.4354205044,"('cnn_dailymail', 'rougeLsum', 'mid')":0.4379155649,"('cnn_dailymail', 'rougeLsum', 'high')":0.4404831061,"('xsum', 'rouge1', 'low')":0.1999882324,"('xsum', 'rouge1', 'mid')":0.2021605207,"('xsum', 'rouge1', 'high')":0.2041860897,"('xsum', 'rouge2', 'low')":0.0262104707,"('xsum', 'rouge2', 'mid')":0.0270665733,"('xsum', 'rouge2', 'high')":0.0280050731,"('xsum', 'rougeL', 'low')":0.1425922321,"('xsum', 'rougeL', 'mid')":0.1439113139,"('xsum', 'rougeL', 'high')":0.1453271294,"('xsum', 'rougeLsum', 'low')":0.1424683105,"('xsum', 'rougeLsum', 'mid')":0.143893645,"('xsum', 'rougeLsum', 'high')":0.1453979812,"('icsi', 'rouge1', 'low')":0.4835259238,"('icsi', 'rouge1', 'mid')":0.5895227987,"('icsi', 'rouge1', 'high')":0.6961967315,"('icsi', 'rouge2', 'low')":0.0881374653,"('icsi', 'rouge2', 'mid')":0.1726124248,"('icsi', 'rouge2', 'high')":0.2649116876,"('icsi', 'rougeL', 'low')":0.1578708981,"('icsi', 'rougeL', 'mid')":0.1794058596,"('icsi', 'rougeL', 'high')":0.2115455461,"('icsi', 'rougeLsum', 'low')":0.4578516649,"('icsi', 'rougeLsum', 'mid')":0.5691876723,"('icsi', 'rougeLsum', 'high')":0.6854053339,"('mediasumm', 'rouge1', 'low')":0.2237793978,